科目名,大項目,中項目,小項目
民法,民法通則,民法における基本原理,権利能力平等の原則
民法,民法通則,民法における基本原理,所有権絶対の原則
民法,民法通則,民法における基本原理,私的自治の原則
民法,民法通則,民法における基本原理,過失責任主義
民法,民法通則,民法における基本原則,公共の福祉
民法,民法通則,民法における基本原則,信義誠実の原則
民法,民法通則,民法における基本原則,権利濫用の禁止
民法,民法総則,権利の主体,権利能力
民法,民法総則,権利の主体,意思能力
民法,民法総則,権利の主体,行為能力
民法,民法総則,権利の主体,住所
民法,民法総則,権利の主体,不在者の財産管理
民法,民法総則,権利の主体,失踪宣告
民法,民法総則,権利の主体,一般社団法人・一般財団法人
民法,民法総則,権利の主体,法人の能力
民法,民法総則,権利の主体,法人の不法行為能力
民法,民法総則,権利の主体,権利能力なき社団
民法,民法総則,権利の主体,法人格否認の法理
民法,民法総則,権利の客体,物
民法,民法総則,権利の客体,不動産
民法,民法総則,権利の客体,動産
民法,民法総則,権利の客体,主物
民法,民法総則,権利の客体,従物
民法,民法総則,権利の客体,果実
民法,民法総則,法律行為の内容及び効力,法律行為
民法,民法総則,法律行為の内容及び効力,意思表示
民法,民法総則,法律行為の内容及び効力,公序良俗
民法,民法総則,法律行為の内容及び効力,心裡留保
民法,民法総則,法律行為の内容及び効力,虚偽表示
民法,民法総則,法律行為の内容及び効力,錯誤
民法,民法総則,法律行為の内容及び効力,詐欺
民法,民法総則,法律行為の内容及び効力,強迫
民法,民法総則,法律行為の内容及び効力,誤認
民法,民法総則,法律行為の内容及び効力,困惑
民法,民法総則,法律行為の内容及び効力,不当条項
民法,民法総則,法律行為の内容及び効力,無効
民法,民法総則,法律行為の内容及び効力,取消し
民法,民法総則,法律行為の内容及び効力,条件
民法,民法総則,法律行為の内容及び効力,期限
民法,民法総則,法律行為の内容及び効力,期間の計算
民法,民法総則,代理,自己契約
民法,民法総則,代理,双方代理
民法,民法総則,代理,利益相反行為
民法,民法総則,代理,代理権の濫用
民法,民法総則,代理,表見代理
民法,民法総則,代理,無権代理
民法,民法総則,時効,援用
民法,民法総則,時効,完成猶予
民法,民法総則,時効,更新
民法,民法総則,時効,取得時効
民法,民法総則,時効,消滅時効
民法,民法総則,時効,除斥期間
民法,物権,物権,物権法定主義
民法,物権,物権,物権の効力
民法,物権,物権変動,意思主義
民法,物権,物権変動,対抗要件
民法,物権,物権変動,不動産登記制度
民法,物権,物権変動,不動産物権変動
民法,物権,物権変動,動産物権変動
民法,物権,物権変動,混同
民法,物権,占有権,占有の態様
民法,物権,占有権,占有訴権
民法,物権,占有権,即時取得
民法,物権,所有権,相隣関係
民法,物権,所有権,所有権の原始取得
民法,物権,所有権,共有
民法,物権,所有権,合有
民法,物権,所有権,総有
民法,物権,所有権,所有者不明土地等管理制度
民法,物権,用益物権,地上権
民法,物権,用益物権,永小作権
民法,物権,用益物権,地役権
民法,物権,用益物権,入会権
民法,担保物権,法定担保物権,留置権
民法,担保物権,法定担保物権,先取特権
民法,担保物権,約定担保物権,質権
民法,担保物権,約定担保物権,抵当権
民法,担保物権,約定担保物権,根抵当権
民法,担保物権,非典型担保,仮登記担保
民法,担保物権,非典型担保,譲渡担保
民法,担保物権,非典型担保,所有権留保
民法,債権,債権の目的,特定物債権
民法,債権,債権の目的,種類債権
民法,債権,債権の目的,金銭債権
民法,債権,債権の目的,利息債権
民法,債権,債権の目的,法定利率
民法,債権,債権の目的,選択債権
民法,債権,債権の効力,債務不履行
民法,債権,債権の効力,受領遅滞
民法,債権,債権の効力,履行の強制
民法,債権,債権の効力,損害賠償
民法,債権,債権の効力,損害賠償の範囲
民法,債権,債権の効力,中間利息の控除
民法,債権,債権の効力,過失相殺
民法,債権,債権の効力,金銭債務の特則
民法,債権,債権の効力,賠償額の予定
民法,債権,債権の効力,損害賠償による代位
民法,債権,債権の効力,代償請求権
民法,債権,債権者代位権・詐害行為取消権,
民法,債権,多数当事者の債権・債務,分割債権
民法,債権,多数当事者の債権・債務,分割債務
民法,債権,多数当事者の債権・債務,不可分債権
民法,債権,多数当事者の債権・債務,不可分債務
民法,債権,多数当事者の債権・債務,連帯債権
民法,債権,多数当事者の債権・債務,連帯債務
民法,債権,多数当事者の債権・債務,保証債務
民法,債権,多数当事者の債権・債務,個人根保証契約
民法,債権,債権譲渡・債務引受,
民法,債権,債権の消滅,弁済
民法,債権,債権の消滅,代物弁済
民法,債権,債権の消滅,弁済の充当
民法,債権,債権の消滅,弁済の提供
民法,債権,債権の消滅,供託
民法,債権,債権の消滅,弁済による代位
民法,債権,債権の消滅,相殺
民法,債権,債権の消滅,更改
民法,債権,債権の消滅,免除
民法,債権,債権の消滅,混同
民法,債権,有価証券,指図証券
民法,債権,有価証券,記名式所持人払証券
民法,債権,有価証券,無記名証券
民法,契約,契約の成立,締結及び内容の自由
民法,契約,契約の成立,方式の自由
民法,契約,契約の成立,申込みと承諾
民法,契約,契約の成立,懸賞広告
民法,契約,契約の成立,契約締結上の過失
民法,契約,契約の効力,同時履行の抗弁
民法,契約,契約の効力,危険負担
民法,契約,契約の効力,第三者のためにする契約
民法,契約,契約の効力,契約上の地位の移転
民法,契約,契約の解除,催告による解除
民法,契約,契約の解除,催告によらない解除
民法,契約,契約の解除,解除の効果
民法,契約,契約の解除,解除権の消滅
民法,契約,定型約款,
民法,契約,各種の契約とその効力,贈与
民法,契約,各種の契約とその効力,売買
民法,契約,各種の契約とその効力,交換
民法,契約,各種の契約とその効力,消費貸借
民法,契約,各種の契約とその効力,使用貸借
民法,契約,各種の契約とその効力,賃貸借
民法,契約,各種の契約とその効力,雇用
民法,契約,各種の契約とその効力,請負
民法,契約,各種の契約とその効力,委任
民法,契約,各種の契約とその効力,寄託
民法,契約,各種の契約とその効力,組合
民法,契約,各種の契約とその効力,終身定期金
民法,契約,各種の契約とその効力,和解
民法,法定債権関係,事務管理,
民法,法定債権関係,不当利得,不当利得の要件
民法,法定債権関係,不当利得,非債弁済
民法,法定債権関係,不当利得,不法原因給付
民法,法定債権関係,不法行為,故意
民法,法定債権関係,不法行為,過失
民法,法定債権関係,不法行為,権利・利益侵害
民法,法定債権関係,不法行為,因果関係
民法,法定債権関係,不法行為,損害
民法,法定債権関係,不法行為,責任能力
民法,法定債権関係,不法行為,責任無能力者の監督義務者の責任
民法,法定債権関係,不法行為,使用者責任
民法,法定債権関係,不法行為,注文者の責任
民法,法定債権関係,不法行為,工作物責任
民法,法定債権関係,不法行為,動物占有者の責任
民法,法定債権関係,不法行為,共同不法行為
民法,法定債権関係,不法行為,正当防衛
民法,法定債権関係,不法行為,緊急避難
民法,法定債権関係,不法行為,中間利息の控除
民法,法定債権関係,不法行為,過失相殺
民法,法定債権関係,不法行為,名誉毀損における原状回復
民法,法定債権関係,不法行為,損害賠償請求権の消滅時効
民法,法定債権関係,不法行為,製造物責任
